Author,Date,Day,Changes length
Thomas,13/07/2015,Mon,3
Jimmy,13/07/2015,Mon,21
Alan,13/07/2015,Mon,13
Thomas,13/07/2015,Mon,2
Jimmy,13/07/2015,Mon,6
Jimmy,13/07/2015,Mon,3
Jimmy,13/07/2015,Mon,2
Thomas,13/07/2015,Mon,24
Thomas,13/07/2015,Mon,2
Thomas,13/07/2015,Mon,2
Thomas,13/07/2015,Mon,2
Thomas,13/07/2015,Mon,2
Thomas,13/07/2015,Mon,3
Thomas,13/07/2015,Mon,2
Jimmy,14/07/2015,Tue,3
Jimmy,14/07/2015,Tue,2
Jimmy,14/07/2015,Tue,7
Jimmy,14/07/2015,Tue,5
Jimmy,14/07/2015,Tue,6
Jimmy,14/07/2015,Tue,6
Jimmy,14/07/2015,Tue,11
Jimmy,15/07/2015,Wed,5
Jimmy,15/07/2015,Wed,2
Jimmy,15/07/2015,Wed,3
Jimmy,15/07/2015,Wed,2
Jimmy,15/07/2015,Wed,2
/OU=Domain Control Validated/CN=svn.company.net,15/07/2015,Wed,2
Jimmy,15/07/2015,Wed,3
Jimmy,15/07/2015,Wed,2
Jimmy,15/07/2015,Wed,4
Jimmy,15/07/2015,Wed,2
Jimmy,15/07/2015,Wed,3
Alan,15/07/2015,Wed,10
/OU=Domain Control Validated/CN=svn.company.net,15/07/2015,Wed,2
Alan,16/07/2015,Thu,2
Alan,16/07/2015,Thu,4
Jimmy,16/07/2015,Thu,7
Jimmy,16/07/2015,Thu,4
Jimmy,16/07/2015,Thu,3
Alan,16/07/2015,Thu,6
Jimmy,16/07/2015,Thu,2
Thomas,16/07/2015,Thu,2
Nicky,16/07/2015,Thu,2
Thomas,17/07/2015,Fri,2
Jimmy,17/07/2015,Fri,23
/OU=Domain Control Validated/CN=svn.company.net,17/07/2015,Fri,2
Jimmy,17/07/2015,Fri,5
Jimmy,17/07/2015,Fri,2
Jimmy,17/07/2015,Fri,3
Jimmy,17/07/2015,Fri,2
Jimmy,20/07/2015,Mon,6
Jimmy,21/07/2015,Tue,3
Jimmy,21/07/2015,Tue,3
Jimmy,21/07/2015,Tue,2
Jimmy,21/07/2015,Tue,5
Jimmy,21/07/2015,Tue,2
Thomas,21/07/2015,Tue,18
Nicky,22/07/2015,Wed,2
Thomas,22/07/2015,Wed,23
Thomas,23/07/2015,Thu,298
Thomas,23/07/2015,Thu,3
Thomas,23/07/2015,Thu,8
Thomas,23/07/2015,Thu,10
Dave,23/07/2015,Thu,77
Thomas,23/07/2015,Thu,125
Thomas,23/07/2015,Thu,2
Thomas,23/07/2015,Thu,3
/OU=Domain Control Validated/CN=svn.company.net,23/07/2015,Thu,2
Thomas,23/07/2015,Thu,10
Thomas,24/07/2015,Fri,2
Thomas,24/07/2015,Fri,2
Thomas,24/07/2015,Fri,2
Thomas,24/07/2015,Fri,3
Thomas,24/07/2015,Fri,2
Thomas,24/07/2015,Fri,2
/OU=Domain Control Validated/CN=svn.company.net,24/07/2015,Fri,2
Thomas,24/07/2015,Fri,2
Thomas,24/07/2015,Fri,3
Thomas,27/07/2015,Mon,2
Thomas,27/07/2015,Mon,4
Nicky,27/07/2015,Mon,2
Thomas,28/07/2015,Tue,2
Thomas,28/07/2015,Tue,4
Thomas,29/07/2015,Wed,5
Thomas,29/07/2015,Wed,2
Thomas,29/07/2015,Wed,2
Thomas,30/07/2015,Thu,30
Thomas,30/07/2015,Thu,2
/OU=Domain Control Validated/CN=svn.company.net,30/07/2015,Thu,2
Thomas,30/07/2015,Thu,6
Thomas,30/07/2015,Thu,2
Thomas,30/07/2015,Thu,2
Thomas,30/07/2015,Thu,3
Thomas,30/07/2015,Thu,7
Thomas,30/07/2015,Thu,2
/OU=Domain Control Validated/CN=svn.company.net,30/07/2015,Thu,2
Thomas,31/07/2015,Fri,6
Thomas,31/07/2015,Fri,4
Thomas,31/07/2015,Fri,15
Thomas,31/07/2015,Fri,2
Thomas,31/07/2015,Fri,17
Thomas,31/07/2015,Fri,3
Thomas,04/08/2015,Tue,117
Thomas,04/08/2015,Tue,2
Jimmy,04/08/2015,Tue,17
Thomas,04/08/2015,Tue,6
Thomas,04/08/2015,Tue,6
Thomas,04/08/2015,Tue,3
Jimmy,04/08/2015,Tue,2
Jimmy,04/08/2015,Tue,2
Thomas,04/08/2015,Tue,6
Jimmy,04/08/2015,Tue,7
Jimmy,04/08/2015,Tue,2
Thomas,04/08/2015,Tue,2
Jimmy,04/08/2015,Tue,3
Jimmy,04/08/2015,Tue,2
Jimmy,04/08/2015,Tue,2
Thomas,04/08/2015,Tue,2
Thomas,04/08/2015,Tue,2
Thomas,04/08/2015,Tue,8
Thomas,04/08/2015,Tue,23
Thomas,05/08/2015,Wed,2
Jimmy,05/08/2015,Wed,2
Jimmy,05/08/2015,Wed,3
Thomas,05/08/2015,Wed,2
Thomas,05/08/2015,Wed,3
/OU=Domain Control Validated/CN=svn.company.net,06/08/2015,Thu,2
Thomas,06/08/2015,Thu,2
Jimmy,07/08/2015,Fri,2
Jimmy,07/08/2015,Fri,2
Jimmy,10/08/2015,Mon,2
Jimmy,10/08/2015,Mon,2
Jimmy,10/08/2015,Mon,2
Jimmy,10/08/2015,Mon,2
Jimmy,12/08/2015,Wed,2
Jimmy,12/08/2015,Wed,7
Jimmy,12/08/2015,Wed,3
Jimmy,12/08/2015,Wed,3
Jimmy,12/08/2015,Wed,2
Jimmy,12/08/2015,Wed,2
Jimmy,12/08/2015,Wed,2
Jimmy,13/08/2015,Thu,2
Jimmy,13/08/2015,Thu,2
Jimmy,13/08/2015,Thu,7
Jimmy,13/08/2015,Thu,3
/OU=Domain Control Validated/CN=svn.company.net,13/08/2015,Thu,2
Jimmy,13/08/2015,Thu,2
/OU=Domain Control Validated/CN=svn.company.net,13/08/2015,Thu,2
Nicky,13/08/2015,Thu,2
/OU=Domain Control Validated/CN=svn.company.net,13/08/2015,Thu,2
Jimmy,14/08/2015,Fri,10
Jimmy,14/08/2015,Fri,7
Jimmy,14/08/2015,Fri,3
Jimmy,14/08/2015,Fri,4
Thomas,17/08/2015,Mon,10
Thomas,17/08/2015,Mon,4
Thomas,19/08/2015,Wed,9
Thomas,19/08/2015,Wed,2
Thomas,19/08/2015,Wed,7
Thomas,19/08/2015,Wed,2
Thomas,19/08/2015,Wed,3
Thomas,20/08/2015,Thu,3
Thomas,20/08/2015,Thu,2
Thomas,20/08/2015,Thu,2
Thomas,20/08/2015,Thu,4
Jimmy,20/08/2015,Thu,5
Jimmy,20/08/2015,Thu,2
Jimmy,20/08/2015,Thu,2
Jimmy,20/08/2015,Thu,2
/OU=Domain Control Validated/CN=svn.company.net,20/08/2015,Thu,2
Jimmy,21/08/2015,Fri,2
Jimmy,21/08/2015,Fri,2
Jimmy,21/08/2015,Fri,3
Jimmy,21/08/2015,Fri,2
Jimmy,24/08/2015,Mon,6
/OU=Domain Control Validated/CN=svn.company.net,24/08/2015,Mon,2
Thomas,25/08/2015,Tue,3
Thomas,25/08/2015,Tue,9
Nicky,25/08/2015,Tue,4
Freddie,26/08/2015,Wed,2
Thomas,26/08/2015,Wed,4
Freddie,26/08/2015,Wed,2
Thomas,27/08/2015,Thu,2
murari.krishnan,27/08/2015,Thu,2
Freddie,28/08/2015,Fri,2
Freddie,03/09/2015,Thu,2
Thomas,03/09/2015,Thu,2
Thomas,04/09/2015,Fri,2
Thomas,04/09/2015,Fri,2
Thomas,04/09/2015,Fri,16
Thomas,04/09/2015,Fri,25
Thomas,04/09/2015,Fri,2
/OU=Domain Control Validated/CN=svn.company.net,04/09/2015,Fri,2
Freddie,07/09/2015,Mon,3
Freddie,07/09/2015,Mon,2
Thomas,08/09/2015,Tue,2
Thomas,08/09/2015,Tue,2
Thomas,08/09/2015,Tue,2
Thomas,08/09/2015,Tue,13
Thomas,08/09/2015,Tue,13
Jimmy,09/09/2015,Wed,2
Jimmy,09/09/2015,Wed,2
Thomas,09/09/2015,Wed,2
Thomas,09/09/2015,Wed,10
Thomas,09/09/2015,Wed,7
Thomas,09/09/2015,Wed,2
/OU=Domain Control Validated/CN=svn.company.net,09/09/2015,Wed,2
Jimmy,09/09/2015,Wed,2
/OU=Domain Control Validated/CN=svn.company.net,09/09/2015,Wed,2
Jimmy,10/09/2015,Thu,5
Jimmy,10/09/2015,Thu,2
/OU=Domain Control Validated/CN=svn.company.net,10/09/2015,Thu,2
Jimmy,16/09/2015,Wed,2
Thomas,16/09/2015,Wed,7
Thomas,16/09/2015,Wed,2
Thomas,17/09/2015,Thu,2
Jimmy,18/09/2015,Fri,2
Thomas,22/09/2015,Tue,8
Jimmy,25/09/2015,Fri,15
Jimmy,25/09/2015,Fri,4
Thomas,25/09/2015,Fri,5
Jimmy,28/09/2015,Mon,7
Jimmy,29/09/2015,Tue,15
Jimmy,29/09/2015,Tue,2
Jimmy,29/09/2015,Tue,2
Jimmy,29/09/2015,Tue,2
Jimmy,29/09/2015,Tue,3
Jimmy,29/09/2015,Tue,2
Jimmy,29/09/2015,Tue,11
Jimmy,01/10/2015,Thu,11
Jimmy,01/10/2015,Thu,2
Thomas,01/10/2015,Thu,2
Thomas,02/10/2015,Fri,12
Thomas,02/10/2015,Fri,3
Thomas,02/10/2015,Fri,2
Thomas,06/10/2015,Tue,2
Thomas,06/10/2015,Tue,2
Thomas,06/10/2015,Tue,2
Thomas,06/10/2015,Tue,2
Thomas,06/10/2015,Tue,2
Thomas,06/10/2015,Tue,2
Thomas,06/10/2015,Tue,2
Thomas,06/10/2015,Tue,2
Thomas,06/10/2015,Tue,3
Thomas,06/10/2015,Tue,2
Thomas,07/10/2015,Wed,14
Thomas,07/10/2015,Wed,2
Thomas,07/10/2015,Wed,5
Thomas,07/10/2015,Wed,2
Thomas,07/10/2015,Wed,3
Thomas,07/10/2015,Wed,2
Thomas,07/10/2015,Wed,2
Thomas,08/10/2015,Thu,2
Thomas,08/10/2015,Thu,6
Thomas,08/10/2015,Thu,2
Thomas,09/10/2015,Fri,53
Thomas,09/10/2015,Fri,3
Thomas,09/10/2015,Fri,5
Thomas,09/10/2015,Fri,13
Thomas,09/10/2015,Fri,2
Thomas,09/10/2015,Fri,2
Thomas,09/10/2015,Fri,2
Jimmy,09/10/2015,Fri,83
Jimmy,09/10/2015,Fri,2
Jimmy,09/10/2015,Fri,2
Thomas,09/10/2015,Fri,2
/OU=Domain Control Validated/CN=svn.company.net,09/10/2015,Fri,2
Thomas,13/10/2015,Tue,8
Jimmy,14/10/2015,Wed,30
Jimmy,14/10/2015,Wed,2
Jimmy,14/10/2015,Wed,2
Jimmy,14/10/2015,Wed,12
Thomas,15/10/2015,Thu,2
Thomas,16/10/2015,Fri,6
Thomas,16/10/2015,Fri,3
Thomas,16/10/2015,Fri,3
Thomas,16/10/2015,Fri,2
Jimmy,22/10/2015,Thu,3
Jimmy,22/10/2015,Thu,3
Jimmy,22/10/2015,Thu,2
Jimmy,22/10/2015,Thu,2
Jimmy,22/10/2015,Thu,263
Jimmy,22/10/2015,Thu,2
Jimmy,22/10/2015,Thu,2
Jimmy,22/10/2015,Thu,12
Jimmy,22/10/2015,Thu,27
Jimmy,22/10/2015,Thu,13
Jimmy,22/10/2015,Thu,8
Jimmy,23/10/2015,Fri,4
Jimmy,23/10/2015,Fri,2
Jimmy,23/10/2015,Fri,3
Jimmy,23/10/2015,Fri,9
Jimmy,23/10/2015,Fri,4
Jimmy,23/10/2015,Fri,3
Jimmy,23/10/2015,Fri,3
Jimmy,23/10/2015,Fri,3
Jimmy,23/10/2015,Fri,2
Vincent,27/10/2015,Tue,2
Jimmy,27/10/2015,Tue,93
Jimmy,27/10/2015,Tue,93
Jimmy,27/10/2015,Tue,7
Jimmy,27/10/2015,Tue,2
Vincent,27/10/2015,Tue,2
Jimmy,28/10/2015,Wed,3
Thomas,28/10/2015,Wed,3
Thomas,28/10/2015,Wed,12
Thomas,28/10/2015,Wed,4
Thomas,28/10/2015,Wed,2
Thomas,29/10/2015,Thu,3
Jimmy,29/10/2015,Thu,4
Jimmy,29/10/2015,Thu,3
Thomas,29/10/2015,Thu,4
Thomas,29/10/2015,Thu,3
Thomas,29/10/2015,Thu,2
Thomas,29/10/2015,Thu,3
Thomas,29/10/2015,Thu,27
Thomas,29/10/2015,Thu,3
Thomas,29/10/2015,Thu,2
Thomas,29/10/2015,Thu,3
Thomas,29/10/2015,Thu,2
Thomas,29/10/2015,Thu,2
Thomas,30/10/2015,Fri,2
Thomas,30/10/2015,Fri,3
Jimmy,30/10/2015,Fri,13
Thomas,30/10/2015,Fri,2
Thomas,30/10/2015,Fri,2
Thomas,02/11/2015,Mon,2
Thomas,02/11/2015,Mon,4
ajon0002,02/11/2015,Mon,2
ajon0002,02/11/2015,Mon,2
ajon0002,02/11/2015,Mon,2
ajon0002,02/11/2015,Mon,2
ajon0002,02/11/2015,Mon,2
ajon0002,02/11/2015,Mon,2
ajon0002,02/11/2015,Mon,2
ajon0002,02/11/2015,Mon,2
ajon0002,02/11/2015,Mon,2
Thomas,03/11/2015,Tue,2
Thomas,03/11/2015,Tue,2
Jimmy,03/11/2015,Tue,2
Jimmy,03/11/2015,Tue,2
/OU=Domain Control Validated/CN=svn.company.net,03/11/2015,Tue,2
Jimmy,03/11/2015,Tue,2
Vincent,04/11/2015,Wed,2
Vincent,04/11/2015,Wed,3
Vincent,04/11/2015,Wed,2
Vincent,04/11/2015,Wed,8
Vincent,05/11/2015,Thu,4
Thomas,12/11/2015,Thu,3
Thomas,12/11/2015,Thu,3
Thomas,12/11/2015,Thu,4
Jimmy,12/11/2015,Thu,11
Jimmy,12/11/2015,Thu,2
Jimmy,12/11/2015,Thu,2
Jimmy,12/11/2015,Thu,2
Jimmy,12/11/2015,Thu,2
Jimmy,12/11/2015,Thu,2
Jimmy,12/11/2015,Thu,2
Jimmy,12/11/2015,Thu,2
Dave,12/11/2015,Thu,2
Jimmy,16/11/2015,Mon,102
Jimmy,16/11/2015,Mon,2
Jimmy,16/11/2015,Mon,2
Jimmy,16/11/2015,Mon,2
Jimmy,16/11/2015,Mon,2
Jimmy,16/11/2015,Mon,4
/OU=Domain Control Validated/CN=svn.company.net,16/11/2015,Mon,2
Thomas,17/11/2015,Tue,7
Vincent,17/11/2015,Tue,2
/OU=Domain Control Validated/CN=svn.company.net,17/11/2015,Tue,2
Vincent,18/11/2015,Wed,2
Vincent,19/11/2015,Thu,2
Jimmy,19/11/2015,Thu,20
Jimmy,19/11/2015,Thu,8
Jimmy,19/11/2015,Thu,2
Freddie,19/11/2015,Thu,3
/OU=Domain Control Validated/CN=svn.company.net,19/11/2015,Thu,2
Thomas,20/11/2015,Fri,2
Thomas,20/11/2015,Fri,2
Thomas,20/11/2015,Fri,2
Thomas,20/11/2015,Fri,2
Thomas,20/11/2015,Fri,2
Thomas,20/11/2015,Fri,2
Thomas,20/11/2015,Fri,2
Thomas,20/11/2015,Fri,2
Thomas,20/11/2015,Fri,74
Thomas,20/11/2015,Fri,2
Thomas,20/11/2015,Fri,2
Thomas,20/11/2015,Fri,4
Vincent,23/11/2015,Mon,2
Thomas,23/11/2015,Mon,2
Jimmy,23/11/2015,Mon,8
Thomas,23/11/2015,Mon,4
/OU=Domain Control Validated/CN=svn.company.net,23/11/2015,Mon,2
Thomas,23/11/2015,Mon,2
Vincent,24/11/2015,Tue,283
Vincent,24/11/2015,Tue,3
Thomas,24/11/2015,Tue,2
Vincent,24/11/2015,Tue,2
Thomas,25/11/2015,Wed,4
Thomas,25/11/2015,Wed,18
Thomas,25/11/2015,Wed,2
Thomas,25/11/2015,Wed,2
Thomas,25/11/2015,Wed,2
Vincent,26/11/2015,Thu,2
Thomas,26/11/2015,Thu,2
Vincent,26/11/2015,Thu,2
Vincent,26/11/2015,Thu,2
Vincent,26/11/2015,Thu,4
Thomas,26/11/2015,Thu,16
Vincent,26/11/2015,Thu,2
Vincent,26/11/2015,Thu,3
Vincent,26/11/2015,Thu,4
Vincent,26/11/2015,Thu,16
Vincent,26/11/2015,Thu,3
Vincent,27/11/2015,Fri,2
Vincent,27/11/2015,Fri,2
/OU=Domain Control Validated/CN=svn.company.net,27/11/2015,Fri,2
Thomas,27/11/2015,Fri,2
Vincent,27/11/2015,Fri,2
Thomas,27/11/2015,Fri,28
Thomas,27/11/2015,Fri,5
